8824, C:\Windows\System32\ShellHost.exe, [N/A]
9156, C:\Windows\SystemApps\MicrosoftWindows.Client.CBS_cw5n1h2txyewy\CrossDeviceResume.exe, [N/A]
8712, C:\Windows\explorer.exe, [N/A]
10080, C:\Windows\SystemApps\MicrosoftWindows.Client.CBS_cw5n1h2txyewy\SearchHost.exe, [N/A]
10088, C:\Windows\SystemApps\Microsoft.Windows.StartMenuExperienceHost_cw5n1h2txyewy\StartMenuExperienceHost.exe, [N/A]
11004, C:\Windows\SystemApps\Microsoft.LockApp_cw5n1h2txyewy\LockApp.exe, [N/A]
12280, C:\Program Files (x86)\Microsoft\EdgeWebView\Application\150.0.4078.99\msedgewebview2.exe, [N/A]
14088, [Insufficient Permissions], [N/A]
14164, C:\Windows\SystemApps\MicrosoftWindows.Client.CBS_cw5n1h2txyewy\TextInputHost.exe, [N/A]
15912, C:\Program Files\Google\Chrome\Application\chrome.exe, [N/A]
4580, C:\Program Files\MAX\max.exe, [N/A]
14804, C:\Windows\System32\ApplicationFrameHost.exe, [N/A]
9292, C:\Windows\ImmersiveControlPanel\SystemSettings.exe, [N/A]
15476, C:\Program Files\Riot Vanguard\vgtray.exe, [N/A]
2376, C:\Program Files\AmneziaVPN\AmneziaVPN.exe, [N/A]
10944, C:\Windows\SystemApps\ShellExperienceHost_cw5n1h2txyewy\ShellExperienceHost.exe, [N/A]
1796, D:\Games2\Riot Games\Riot Client\RiotClientElectron\Riot Client.exe, [N/A]
7556, D:\Games2\Riot Games\League of Legends\LeagueClientUxRender.exe, [N/A]
18868, C:\Program Files\WindowsApps\Microsoft.Edge.GameAssist_1.0.4019.0_x64__8wekyb3d8bbwe\EdgeGameAssist.exe, [N/A]
16468, C:\Program Files\Google\Chrome\Application\chrome.exe, [N/A]
416, C:\Program Files\WindowsApps\Microsoft.MicrosoftOfficeHub_19.2607.47051.0_x64__8wekyb3d8bbwe\M365Copilot.exe, [N/A]
5832, C:\Program Files (x86)\Microsoft\EdgeWebView\Application\150.0.4078.99\msedgewebview2.exe, [N/A]
15456, C:\Program Files\WindowsApps\Microsoft.WindowsTerminal_1.24.11911.0_x64__8wekyb3d8bbwe\WindowsTerminal.exe, [N/A]
20476, C:\Program Files\Docker\Docker\frontend\Docker Desktop.exe, [N/A]
4, [Insufficient Permissions], [N/A]
22160, C:\Program Files (x86)\Microsoft\Edge\Application\msedge.exe, [N/A]
7360, C:\Windows\explorer.exe, [N/A]
14184, [Insufficient Permissions], [N/A]
22780, C:\Program Files (x86)\Microsoft\EdgeWebView\Application\150.0.4078.99\msedgewebview2.exe, [N/A]
3712, C:\Program Files\WindowsApps\Microsoft.ScreenSketch_11.2602.49.0_x64__8wekyb3d8bbwe\SnippingTool\SnippingTool.exe, [N/A]
